0x00,,,
0x01,0x00,ZWAVE_CMD_NOP,NOP
0x01,0x01,NODE_INFO,Node Info
0x01,0x02,REQUEST_NODE_INFO,Request Node Info
0x01,0x03,ASSIGN_ID,Assign Id
0x01,0x04,FIND_NODES_IN_RANGE,Find Nodes In Range
0x01,0x05,GET_NODES_IN_RANGE,Get Nodes In Range
0x01,0x06,NODE_RANGE_INFO,Node Range Info
0x01,0x07,COMMAND_COMPLETE,Command Complete
0x01,0x08,TRANSFER_PRESENTATION,Transfer Presentation
0x01,0x09,TRANSFER_NODE_INFO,Transfer Node Info
0x01,0x0A,TRANSFER_RANGE_INFO,Transfer Range Info
0x01,0x0B,TRANSFER_END,Transfer End
0x01,0x0C,ASSIGN_RETURN_ROUTE,Assign Return Route
0x01,0x0D,NEW_NODE_REGISTERED,New Node Registered
0x01,0x0E,NEW_RANGE_REGISTERED,New Range Registered
0x01,0x0F,TRANSFER_NEW_PRIMARY_COMPLETE,Transfer New Primary Complete
0x01,0x10,CMD_AUTOMATIC_CONTROLLER_UPDATE_START,Automatic Controller Update Start
0x01,0x11,CMD_SUC_NODE_ID,SUC Node ID
0x01,0x12,CMD_SET_SUC,Set SUC
0x01,0x13,CMD_SET_SUC_ACK,Set SUC ACK
0x01,0x14,CMD_ASSIGN_SUC_RETURN_ROUTE,Assign SUC Return Route
0x01,0x15,CMD_STATIC_ROUTE_REQUEST,Static Route Request
0x01,0x16,LOST,Lost
0x01,0x17,ACCEPT_LOST,Accept Lost
0x01,0x18,CMD_NOP_POWER,NOP Power
0x01,0x19,ZWAVE_CMD_RESERVE_NODE_IDS,Reserve Node ID
0x01,0x1A,CMD_RESERVED_IDS,Reserved ID
0x01,0x1F,CMD_NODES_EXIST,Cmd Nodes Exist
0x01,0x20,CMD_NODES_EXIST_REPLY,Cmd Nodes Exist Reply
0x01,0x22,CMD_SET_NWI_MODE,Cmd Set Nwi Mode
0x01,0x23,EXCLUDE_REQUEST,Exclude Request
0x01,0x24,ASSIGN_RETURN_ROUTE_PRIORITY,Assign Return Route Priority
0x01,0x25,ASSIGN_SUC_RETURN_ROUTE_PRIORITY,Assign SUC Return Route Priority
0x02,0x01,BIND_REQUEST,Bind Request
0x02,0x02,BIND_ACCEPT,Bind Accept
0x02,0x03,BIND_COMPLETE,Bind Complete
0x20,0x01,BASIC_SET,Basic Set
0x20,0x02,BASIC_GET,Basic Get
0x20,0x03,BASIC_REPORT,Basic Report
0x21,0x31,CTRL_REPLICATION_TRANSFER_GROUP,Ctrl Replication Transfer Group
0x21,0x32,CTRL_REPLICATION_TRANSFER_GROUP_NAME,Ctrl Replication Transfer Group Name
0x21,0x33,CTRL_REPLICATION_TRANSFER_SCENE,Ctrl Replication Transfer Scene
0x21,0x34,CTRL_REPLICATION_TRANSFER_SCENE_NAME,Ctrl Replication Transfer Scene Name
0x22,0x01,APPLICATION_BUSY,Application Busy
0x22,0x02,APPLICATION_REJECTED_REQUEST,Application Rejected Request
0x23,0x02,COMMAND_ZIP_PACKET,Zip Packet
0x24,0x01,SECURITY_PANEL_MODE_SUPPORTED_GET,Security Panel Mode Supported Get
0x24,0x02,SECURITY_PANEL_MODE_SUPPORTED_REPORT,Security Panel Mode Supported Report
0x24,0x03,SECURITY_PANEL_MODE_GET,Security Panel Mode Get
0x24,0x04,SECURITY_PANEL_MODE_REPORT,Security Panel Mode Report
0x24,0x05,SECURITY_PANEL_MODE_SET,Security Panel Mode Set
0x25,0x01,SWITCH_BINARY_SET,Switch Binary Set
0x25,0x02,SWITCH_BINARY_GET,Switch Binary Get
0x25,0x03,SWITCH_BINARY_REPORT,Switch Binary Report
0x26,0x01,SWITCH_MULTILEVEL_SET,Switch Multilevel Set
0x26,0x02,SWITCH_MULTILEVEL_GET,Switch Multilevel Get
0x26,0x03,SWITCH_MULTILEVEL_REPORT,Switch Multilevel Report
0x26,0x04,SWITCH_MULTILEVEL_START_LEVEL_CHANGE,Switch Multilevel Start Level Change
0x26,0x05,SWITCH_MULTILEVEL_STOP_LEVEL_CHANGE,Switch Multilevel Stop Level Change
0x26,0x06,SWITCH_MULTILEVEL_SUPPORTED_GET,Switch Multilevel Supported Get
0x26,0x07,SWITCH_MULTILEVEL_SUPPORTED_REPORT,Switch Multilevel Supported Report
0x27,0x01,SWITCH_ALL_SET,Switch All Set
0x27,0x02,SWITCH_ALL_GET,Switch All Get
0x27,0x03,SWITCH_ALL_REPORT,Switch All Report
0x27,0x04,SWITCH_ALL_ON,Switch All On
0x27,0x05,SWITCH_ALL_OFF,Switch All Off
0x28,0x01,SWITCH_TOGGLE_BINARY_SET,Switch Toggle Binary Set
0x28,0x02,SWITCH_TOGGLE_BINARY_GET,Switch Toggle Binary Get
0x28,0x03,SWITCH_TOGGLE_BINARY_REPORT,Switch Toggle Binary Report
0x29,0x01,SWITCH_TOGGLE_MULTILEVEL_SET,Switch Toggle Multilevel Set
0x29,0x02,SWITCH_TOGGLE_MULTILEVEL_GET,Switch Toggle Multilevel Get
0x29,0x03,SWITCH_TOGGLE_MULTILEVEL_REPORT,Switch Toggle Multilevel Report
0x29,0x04,SWITCH_TOGGLE_MULTILEVEL_START_LEVEL_CHANGE,Switch Toggle Multilevel Start Level Change
0x29,0x05,SWITCH_TOGGLE_MULTILEVEL_STOP_LEVEL_CHANGE,Switch Toggle Multilevel Stop Level Change
0x2A,0x01,CHIMNEY_FAN_STATE_SET,Chimney Fan State Set
0x2A,0x02,CHIMNEY_FAN_STATE_GET,Chimney Fan State Get
0x2A,0x03,CHIMNEY_FAN_STATE_REPORT,Chimney Fan State Report
0x2A,0x04,CHIMNEY_FAN_SPEED_SET,Chimney Fan Speed Set
0x2A,0x05,CHIMNEY_FAN_SPEED_GET,Chimney Fan Speed Get
0x2A,0x06,CHIMNEY_FAN_SPEED_REPORT,Chimney Fan Speed Report
0x2A,0x07,CHIMNEY_FAN_START_TEMP_SET,Chimney Fan Start Temp Set
0x2A,0x08,CHIMNEY_FAN_START_TEMP_GET,Chimney Fan Start Temp Get
0x2A,0x09,CHIMNEY_FAN_START_TEMP_REPORT,Chimney Fan Start Temp Report
0x2A,0x0A,CHIMNEY_FAN_STOP_TEMP_SET,Chimney Fan Stop Temp Set
0x2A,0x0B,CHIMNEY_FAN_STOP_TEMP_GET,Chimney Fan Stop Temp Get
0x2A,0x0C,CHIMNEY_FAN_STOP_TEMP_REPORT,Chimney Fan Stop Temp Report
0x2A,0x0D,CHIMNEY_FAN_ALARM_TEMP_SET,Chimney Fan Alarm Temp Set
0x2A,0x0E,CHIMNEY_FAN_ALARM_TEMP_GET,Chimney Fan Alarm Temp Get
0x2A,0x0F,CHIMNEY_FAN_ALARM_TEMP_REPORT,Chimney Fan Alarm Temp Report
0x2A,0x10,CHIMNEY_FAN_BOOST_TIME_SET,Chimney Fan Boost Time Set
0x2A,0x11,CHIMNEY_FAN_BOOST_TIME_GET,Chimney Fan Boost Time Get
0x2A,0x12,CHIMNEY_FAN_BOOST_TIME_REPORT,Chimney Fan Boost Time Report
0x2A,0x13,CHIMNEY_FAN_STOP_TIME_SET,Chimney Fan Stop Time Set
0x2A,0x14,CHIMNEY_FAN_STOP_TIME_GET,Chimney Fan Stop Time Get
0x2A,0x15,CHIMNEY_FAN_STOP_TIME_REPORT,Chimney Fan Stop Time Report
0x2A,0x16,CHIMNEY_FAN_MODE_SET,Chimney Fan Mode Set
0x2A,0x17,CHIMNEY_FAN_MODE_GET,Chimney Fan Mode Get
0x2A,0x18,CHIMNEY_FAN_MODE_REPORT,Chimney Fan Mode Report
0x2A,0x19,CHIMNEY_FAN_SETUP_SET,Chimney Fan Setup Set
0x2A,0x1A,CHIMNEY_FAN_SETUP_GET,Chimney Fan Setup Get
0x2A,0x1B,CHIMNEY_FAN_SETUP_REPORT,Chimney Fan Setup Report
0x2A,0x1D,CHIMNEY_FAN_STATUS_GET,Chimney Fan Status Get
0x2A,0x1E,CHIMNEY_FAN_STATUS_REPORT,Chimney Fan Status Report
0x2A,0x1F,CHIMNEY_FAN_ALARM_LOG_SET,Chimney Fan Alarm Log Set
0x2A,0x20,CHIMNEY_FAN_ALARM_LOG_GET,Chimney Fan Alarm Log Get
0x2A,0x21,CHIMNEY_FAN_ALARM_LOG_REPORT,Chimney Fan Alarm Log Report
0x2A,0x22,CHIMNEY_FAN_ALARM_STATUS_SET,Chimney Fan Alarm Status Set
0x2A,0x23,CHIMNEY_FAN_ALARM_STATUS_GET,Chimney Fan Alarm Status Get
0x2A,0x24,CHIMNEY_FAN_ALARM_STATUS_REPORT,Chimney Fan Alarm Status Report
0x2A,0x25,CHIMNEY_FAN_MIN_SPEED_SET,Chimney Fan Min Speed Set
0x2A,0x26,CHIMNEY_FAN_MIN_SPEED_GET,Chimney Fan Min Speed Get
0x2A,0x27,CHIMNEY_FAN_MIN_SPEED_REPORT,Chimney Fan Min Speed Report
0x2A,0x28,CHIMNEY_FAN_DEFAULT_SET,Chimney Fan Default Set
0x2B,0x01,SCENE_ACTIVATION_SET,Scene Activation Set
0x2C,0x01,SCENE_ACTUATOR_CONF_SET,Scene Actuator Conf Set
0x2C,0x02,SCENE_ACTUATOR_CONF_GET,Scene Actuator Conf Get
0x2C,0x03,SCENE_ACTUATOR_CONF_REPORT,Scene Actuator Conf Report
0x2D,0x01,SCENE_CONTROLLER_CONF_SET,Scene Controller Conf Set
0x2D,0x02,SCENE_CONTROLLER_CONF_GET,Scene Controller Conf Get
0x2D,0x03,SCENE_CONTROLLER_CONF_REPORT,Scene Controller Conf Report
0x2E,0x01,SECURITY_PANEL_ZONE_NUMBER_SUPPORTED_GET,Security Panel Zone Number Supported Get
0x2E,0x02,SECURITY_PANEL_ZONE_SUPPORTED_REPORT,Security Panel Zone Supported Report
0x2E,0x03,SECURITY_PANEL_ZONE_TYPE_GET,Security Panel Zone Type Get
0x2E,0x04,SECURITY_PANEL_ZONE_TYPE_REPORT,Security Panel Zone Type Report
0x2E,0x05,SECURITY_PANEL_ZONE_STATE_GET,Security Panel Zone State Get
0x2E,0x06,SECURITY_PANEL_ZONE_STATE_REPORT,Security Panel Zone State Report
0x2F,0x01,SECURITY_PANEL_ZONE_SENSOR_INSTALLED_GET,Security Panel Zone Sensor Installed Get
0x2F,0x02,COMMAND_CLASS_SECURITY_PANEL_ZONE_SENSOR_INSTALLED_REPORT,Command Class Security Panel Zone Sensor Installed Report
0x2F,0x03,SECURITY_PANEL_ZONE_SENSOR_TYPE_GET,Security Panel Zone Sensor Type Get
0x2F,0x04,SECURITY_PANEL_ZONE_SENSOR_TYPE_REPORT,Security Panel Zone Sensor Type Report
0x2F,0x05,SECURITY_PANEL_ZONE_SENSOR_STATE_GET,Security Panel Zone Sensor State Get
0x2F,0x06,SECURITY_PANEL_ZONE_SENSOR_STATE_REPORT,Security Panel Zone Sensor State Report
0x30,0x01,SENSOR_BINARY_SUPPORTED_GET_SENSOR,Sensor Binary Supported Get Sensor
0x30,0x02,SENSOR_BINARY_GET,Sensor Binary Get
0x30,0x03,SENSOR_BINARY_REPORT,Sensor Binary Report
0x30,0x04,SENSOR_BINARY_SUPPORTED_SENSOR_REPORT,Sensor Binary Supported Sensor Report
0x31,0x01,SENSOR_MULTILEVEL_SUPPORTED_GET_SENSOR,Multilevel Sensor Get Supported Sensor
0x31,0x02,SENSOR_MULTILEVEL_SUPPORTED_SENSOR_REPORT,Multilevel Sensor Supported Sensor Report
0x31,0x03,SENSOR_MULTILEVEL_SUPPORTED_GET_SCALE,Multilevel Sensor Get Supported Scale
0x31,0x04,SENSOR_MULTILEVEL_GET,Multilevel Sensor Get
0x31,0x05,SENSOR_MULTILEVEL_REPORT,Multilevel Sensor Report
0x31,0x06,SENSOR_MULTILEVEL_SUPPORTED_SCALE_REPORT,Multilevel Sensor Supported Scale Report
0x32,0x01,METER_GET,Meter Get
0x32,0x02,METER_REPORT,Meter Report
0x32,0x03,METER_SUPPORTED_GET,Meter Supported Get
0x32,0x04,METER_SUPPORTED_REPORT,Meter Supported Report
0x32,0x05,METER_RESET,Meter Reset
0x33,0x01,SWITCH_COLOR_SUPPORTED_GET,Color Switch Supported Get
0x33,0x02,SWITCH_COLOR_SUPPORTED_REPORT,Color Switch Supported Report
0x33,0x03,SWITCH_COLOR_GET,Color Switch Get
0x33,0x04,SWITCH_COLOR_REPORT,Color Switch Report
0x33,0x05,SWITCH_COLOR_SET,Color Switch Set
0x33,0x06,SWITCH_COLOR_START_LEVEL_CHANGE,Color Switch Start Level Change
0x33,0x07,SWITCH_COLOR_STOP_LEVEL_CHANGE,Color Switch Stop Level Change
0x34,0x01,NODE_ADD,Node Add
0x34,0x02,NODE_ADD_STATUS,Node Add Status
0x34,0x03,NODE_REMOVE,Node Remove
0x34,0x04,NODE_REMOVE_STATUS,Node Remove Status
0x34,0x07,FAILED_NODE_REMOVE,Failed Node Remove
0x34,0x08,FAILED_NODE_REMOVE_STATUS,Failed Node Remove Status
0x34,0x09,FAILED_NODE_REPLACE,Failed Node Replace
0x34,0x0A,FAILED_NODE_REPLACE_STATUS,Failed Node Replace Status
0x34,0x0B,NODE_NEIGHBOR_UPDATE_REQUEST,Node Neighbor Update Request
0x34,0x0C,NODE_NEIGHBOR_UPDATE_STATUS,Node Neighbor Update Status
0x34,0x0D,RETURN_ROUTE_ASSIGN,Return Route Assign
0x34,0x0E,RETURN_ROUTE_ASSIGN_COMPLETE,Return Route Assign Complete
0x34,0x0F,RETURN_ROUTE_DELETE,Return Route Delete
0x34,0x10,RETURN_ROUTE_DELETE_COMPLETE,Return Route Delete Complete
0x34,0x11,NODE_ADD_KEYS_REPORT,Node Add Keys Report
0x34,0x12,NODE_ADD_KEYS_SET,Node Add Keys Set
0x34,0x13,NODE_ADD_DSK_REPORT,Node Add DSK Report
0x34,0x14,NODE_ADD_DSK_SET,Node Add DSK Set
0x35,0x04,METER_PULSE_GET,Meter Pulse Get
0x35,0x05,METER_PULSE_REPORT,Meter Pulse Report
0x36,0x01,BASIC_TARIFF_INFO_GET,Basic Tariff Info Get
0x36,0x02,BASIC_TARIFF_INFO_REPORT,Basic Tariff Info Report
0x37,0x01,HRV_STATUS_GET,Hrv Status Get
0x37,0x02,HRV_STATUS_REPORT,Hrv Status Report
0x37,0x03,HRV_STATUS_SUPPORTED_GET,Hrv Status Supported Get
0x37,0x04,HRV_STATUS_SUPPORTED_REPORT,Hrv Status Supported Report
0x38,0x01,THERMOSTAT_HEATING_MODE_SET,Thermostat Heating Mode Set
0x38,0x02,THERMOSTAT_HEATING_MODE_GET,Thermostat Heating Mode Get
0x38,0x03,THERMOSTAT_HEATING_MODE_REPORT,Thermostat Heating Mode Report
0x38,0x04,THERMOSTAT_HEATING_SETPOINT_SET,Thermostat Heating Setpoint Set
0x38,0x05,THERMOSTAT_HEATING_SETPOINT_GET,Thermostat Heating Setpoint Get
0x38,0x06,THERMOSTAT_HEATING_SETPOINT_REPORT,Thermostat Heating Setpoint Report
0x38,0x09,THERMOSTAT_HEATING_RELAY_STATUS_GET,Thermostat Heating Relay Status Get
0x38,0x0A,THERMOSTAT_HEATING_RELAY_STATUS_REPORT,Thermostat Heating Relay Status Report
0x38,0x0B,THERMOSTAT_HEATING_STATUS_SET,Thermostat Heating Status Set
0x38,0x0C,THERMOSTAT_HEATING_STATUS_GET,Thermostat Heating Status Get
0x38,0x0D,THERMOSTAT_HEATING_STATUS_REPORT,Thermostat Heating Heating Status Report
0x38,0x11,THERMOSTAT_HEATING_TIMED_OFF_SET,Thermostat Heating Timed Off Set
0x39,0x01,HRV_CONTROL_MODE_SET,Hrv Control Mode Set
0x39,0x02,HRV_CONTROL_MODE_GET,Hrv Control Mode Get
0x39,0x03,HRV_CONTROL_MODE_REPORT,Hrv Control Mode Report
0x39,0x04,HRV_CONTROL_BYPASS_SET,Hrv Control Bypass Set
0x39,0x05,HRV_CONTROL_BYPASS_GET,Hrv Control Bypass  Get
0x39,0x06,HRV_CONTROL_BYPASS_REPORT,Hrv Control Bypass Report
0x39,0x07,HRV_CONTROL_VENTILATION_RATE_SET,Hrv Control Ventilation Rate Set
0x39,0x08,HRV_CONTROL_VENTILATION_RATE_GET,Hrv Control Ventilation Rate  Get
0x39,0x09,HRV_CONTROL_VENTILATION_RATE_REPORT,Hrv Control Ventilation Rate  Report
0x39,0x0A,HRV_CONTROL_MODE_SUPPORTED_GET,Hrv Control Mode Supported Get
0x39,0x0B,HRV_CONTROL_MODE_SUPPORTED_REPORT,Hrv Control Mode Supported Report
0x3A,0x01,DCP_LIST_SUPPORTED_GET,Dcp List Supported Get
0x3A,0x02,DCP_LIST_SUPPORTED_REPORT,Dcp List Supported Report
0x3A,0x03,DCP_LIST_SET,Dcp List Set
0x3A,0x04,DCP_LIST_REMOVE,Dcp List Remove
0x3B,0x01,DCP_LIST_GET,Dcp List Get
0x3B,0x02,DCP_LIST_REPORT,Dcp List Report
0x3B,0x03,DCP_EVENT_STATUS_GET,Dcp Event Status Get
0x3B,0x04,DCP_EVENT_STATUS_REPORT,Dcp Event Status Report
0x3C,0x01,METER_TBL_TABLE_POINT_ADM_NO_SET,Meter Tbl Table Point Adm No Set
0x3D,0x01,METER_TBL_TABLE_POINT_ADM_NO_GET,Meter Tbl Table Point Adm No Get
0x3D,0x02,METER_TBL_TABLE_POINT_ADM_NO_REPORT,Meter Tbl Table Point Adm No Report
0x3D,0x03,METER_TBL_TABLE_ID_GET,Meter Tbl Table Id Get
0x3D,0x04,METER_TBL_TABLE_ID_REPORT,Meter Tbl Table Id Report
0x3D,0x05,METER_TBL_TABLE_CAPABILITY_GET,Meter Tbl Table Capability Get
0x3D,0x06,METER_TBL_REPORT,Meter Tbl Report
0x3D,0x07,METER_TBL_STATUS_SUPPORTED_GET,Meter Tbl  Status Supported Get
0x3D,0x08,METER_TBL_STATUS_SUPPORTED_REPORT,Meter Tbl  Status Supported Report
0x3D,0x09,METER_TBL_STATUS_DEPTH_GET,Meter Tbl  Status Depth Get
0x3D,0x0A,METER_TBL_STATUS_DATE_GET,Meter Tbl  Status Date Get
0x3D,0x0B,METER_TBL_STATUS_REPORT,Meter Tbl  Status  Report
0x3D,0x0C,METER_TBL_CURRENT_DATA_GET,Meter Tbl Current Data Get
0x3D,0x0D,METER_TBL_CURRENT_DATA_REPORT,Meter Tbl Current Data Report
0x3D,0x0E,METER_TBL_HISTORICAL_DATA_GET,Meter Tbl Historical Data Get
0x3D,0x0F,METER_TBL_HISTORICAL_DATA_REPORT,Meter Tbl Historical Data Report
0x3E,0x01,METER_TBL_PUSH_CONFIGURATION_SET,Meter Tbl Push Configuration Set
0x3E,0x02,METER_TBL_PUSH_CONFIGURATION_GET,Meter Tbl Push Configuration Get
0x3E,0x03,METER_TBL_PUSH_CONFIGURATION_REPORT,Meter Tbl Push Configuration Report
0x3F,0x01,PREPAYMENT_BALANCE_GET,Prepayment Balance Get
0x3F,0x02,PREPAYMENT_BALANCE_REPORT,Prepayment Balance Report
0x3F,0x03,PREPAYMENT_SUPPORTED_GET,Prepayment Supported Get
0x3F,0x04,PREPAYMENT_SUPPORTED_REPORT,Prepayment Supported Report
0x40,0x01,THERMOSTAT_MODE_SET,Thermostat Mode Set
0x40,0x02,THERMOSTAT_MODE_GET,Thermostat Mode Get
0x40,0x03,THERMOSTAT_MODE_REPORT,Thermostat Mode Report
0x40,0x04,THERMOSTAT_MODE_SUPPORTED_GET,Thermostat Mode Supported Get
0x40,0x05,THERMOSTAT_MODE_SUPPORTED_REPORT,Thermostat Mode Supported Report
0x41,0x01,CMD_ENCAPSULATION,Cmd Encapsulation
0x42,0x01,THERMOSTAT_OPERATING_STATE_LOGGING_SUPPORTED_GET,Thermostat Operating State Logging Supported Get
0x42,0x02,THERMOSTAT_OPERATING_STATE_GET,Thermostat Operating State Get
0x42,0x03,THERMOSTAT_OPERATING_STATE_REPORT,Thermostat Operating State Report
0x42,0x04,THERMOSTAT_OPERATING_LOGGING_SUPPORTED_REPORT,Thermostat Operating State Logging Supported Report
0x42,0x05,THERMOSTAT_OPERATING_STATE_LOGGING_GET,Thermostat Operating State Logging Get
0x42,0x06,THERMOSTAT_OPERATING_STATE_LOGGING_REPORT,Thermostat Operating State Logging Report
0x43,0x01,THERMOSTAT_SETPOINT_SET,Thermostat Setpoint Set
0x43,0x02,THERMOSTAT_SETPOINT_GET,Thermostat Setpoint Get
0x43,0x03,THERMOSTAT_SETPOINT_REPORT,Thermostat Setpoint Report
0x43,0x04,THERMOSTAT_SETPOINT_SUPPORTED_GET,Thermostat Setpoint Supported Get
0x43,0x05,THERMOSTAT_SETPOINT_SUPPORTED_REPORT,Thermostat Setpoint Supported Report
0x43,0x09,THERMOSTAT_SETPOINT_CAPABILITIES_GET,Thermostat Setpoint Capabilities Get
0x43,0x0A,THERMOSTAT_SETPOINT_CAPABILITIES_REPORT,Thermostat Setpoint Capabilities Report
0x44,0x01,THERMOSTAT_FAN_MODE_SET,Thermostat Fan Mode Set
0x44,0x02,THERMOSTAT_FAN_MODE_GET,Thermostat Fan Mode Get
0x44,0x03,THERMOSTAT_FAN_MODE_REPORT,Thermostat Fan Mode Report
0x44,0x04,THERMOSTAT_FAN_MODE_SUPPORTED_GET,Thermostat Fan Mode Supported Get
0x44,0x05,THERMOSTAT_FAN_MODE_SUPPORTED_REPORT,Thermostat Fan Mode Supported Report
0x45,0x02,THERMOSTAT_FAN_STATE_GET,Thermostat Fan State Get
0x45,0x03,THERMOSTAT_FAN_STATE_REPORT,Thermostat Fan State Report
0x46,0x01,SCHEDULE_SET,Schedule Set
0x46,0x02,SCHEDULE_GET,Schedule Get
0x46,0x03,SCHEDULE_REPORT,Schedule Report
0x46,0x04,SCHEDULE_CHANGED_GET,Schedule Changed Get
0x46,0x05,SCHEDULE_CHANGED_REPORT,Schedule Changed Report
0x46,0x06,SCHEDULE_OVERRIDE_SET,Schedule Override Set
0x46,0x07,SCHEDULE_OVERRIDE_GET,Schedule Override Get
0x46,0x08,SCHEDULE_OVERRIDE_REPORT,Schedule Override Report
0x47,0x01,THERMOSTAT_SETBACK_SET,Thermostat Setback Set
0x47,0x02,THERMOSTAT_SETBACK_GET,Thermostat Setback Get
0x47,0x03,THERMOSTAT_SETBACK_REPORT,Thermostat Setback Report
0x48,0x01,RATE_TBL_SET,Rate Tbl Set
0x48,0x02,RATE_TBL_REMOVE,Rate Tbl Remove
0x49,0x01,RATE_TBL_SUPPORTED_GET,Rate Tbl Supported Get
0x49,0x02,RATE_TBL_SUPPORTED_REPORT,Rate Tbl Supported Report
0x49,0x03,RATE_TBL_GET,Rate Tbl Get
0x49,0x04,RATE_TBL_REPORT,Rate Tbl Report
0x49,0x05,RATE_TBL_ACTIVE_RATE_GET,Rate Tbl Active Rate  Get
0x49,0x06,RATE_TBL_ACTIVE_RATE_REPORT,Rate Tbl Active Rate  Report
0x49,0x07,RATE_TBL_CURRENT_DATA_GET,Rate Tbl Current Data Get
0x49,0x08,RATE_TBL_CURRENT_DATA_REPORT,Rate Tbl Current Data Report
0x49,0x09,RATE_TBL_HISTORICAL_DATA_GET,Rate Tbl Historical Data Get
0x49,0x0A,RATE_TBL_HISTORICAL_DATA_REPORT,Rate Tbl Historical Data Report
0x4A,0x01,TARIFF_TBL_SUPPLIER_SET,Tariff Tbl Supplier Set
0x4A,0x02,TARIFF_TBL_SET,Tariff Tbl Set
0x4A,0x03,TARIFF_TBL_REMOVE,Tariff Tbl Remove
0x4B,0x01,TARIFF_TBL_SUPPLIER_GET,Tariff Tbl Supplier Get
0x4B,0x02,TARIFF_TBL_SUPPLIER_REPORT,Tariff Tbl Supplier Report
0x4B,0x03,TARIFF_TBL_GET,Tariff Tbl Get
0x4B,0x04,TARIFF_TBL_REPORT,Tariff Tbl Report
0x4B,0x05,TARIFF_TBL_COST_GET,Tariff Tbl Cost Get
0x4B,0x06,TARIFF_TBL_COST_REPORT,Tariff Tbl Cost Report
0x4C,0x01,DOOR_LOCK_LOGGING_RECORDS_SUPPORTED_GET,Door Lock Logging Records Supported Get
0x4C,0x02,DOOR_LOCK_LOGGING_RECORDS_SUPPORTED_REPORT,Door Lock Logging Records Supported Report
0x4C,0x03,RECORD_GET,Record Get
0x4C,0x04,RECORD_REPORT,Record Report
0x4D,0x01,LEARN_MODE_SET,Learn Mode Set
0x4D,0x02,LEARN_MODE_SET_STATUS,Learn Mode Set Status
0x4D,0x03,NETWORK_UPDATE_REQUEST,Network Update Request
0x4D,0x04,NETWORK_UPDATE_REQUEST_STATUS,Network Update Request Status
0x4D,0x05,NODE_INFORMATION_SEND,Node Information Send
0x4D,0x06,DEFAULT_SET,Default Set
0x4D,0x07,DEFAULT_SET_COMPLETE,Default Set Complete
0x4D,0x08,DSK_GET,DSK Get
0x4D,0x09,DSK_REPORT,DSK Report
0x4E,0x01,SCHEDULE_ENTRY_LOCK_ENABLE_SET,Schedule Entry Lock Enable Set
0x4E,0x02,SCHEDULE_ENTRY_LOCK_ENABLE_ALL_SET,Schedule Entry Lock Enable All Set
0x4E,0x03,SCHEDULE_ENTRY_LOCK_WEEK_DAY_SET,Schedule Entry Lock Week Day Set
0x4E,0x04,SCHEDULE_ENTRY_LOCK_WEEK_DAY_GET,Schedule Entry Lock Week Day Get
0x4E,0x05,SCHEDULE_ENTRY_LOCK_WEEK_DAY_REPORT,Schedule Entry Lock Week Day Report
0x4E,0x06,SCHEDULE_ENTRY_LOCK_YEAR_DAY_SET,Schedule Entry Lock Year Day Set
0x4E,0x07,SCHEDULE_ENTRY_LOCK_YEAR_DAY_GET,Schedule Entry Lock Year Day Get
0x4E,0x08,SCHEDULE_ENTRY_LOCK_YEAR_DAY_REPORT,Schedule Entry Lock Year Day Report
0x4E,0x09,SCHEDULE_ENTRY_TYPE_SUPPORTED_GET,Schedule Entry Type Supported Get
0x4E,0x0A,SCHEDULE_ENTRY_TYPE_SUPPORTED_REPORT,Schedule Entry Type Supported Report
0x4E,0x0B,SCHEDULE_ENTRY_LOCK_TIME_OFFSET_GET,Schedule Entry Lock Time Offset Get
0x4E,0x0C,SCHEDULE_ENTRY_LOCK_TIME_OFFSET_REPORT,Schedule Entry Lock Time Offset Report
0x4E,0x0D,SCHEDULE_ENTRY_LOCK_TIME_OFFSET_SET,Schedule Entry Lock Time Offset Set
0x4E,0x0E,SCHEDULE_ENTRY_LOCK_DAILY_REPEATING_GET,Schedule Entry Lock Daily Repeating Get
0x4E,0x0F,SCHEDULE_ENTRY_LOCK_DAILY_REPEATING_REPORT,Schedule Entry Lock Daily Repeating Report
0x4E,0x10,SCHEDULE_ENTRY_LOCK_DAILY_REPEATING_SET,Schedule Entry Lock Daily Repeating Set
0x4F,0xC0,LOWPAN_FIRST_FRAGMENT,Lowpan First Fragment
0x4F,0xE0,LOWPAN_SUBSEQUENT_FRAGMENT,Lowpan Subsequent Fragment
0x50,0x01,BASIC_WINDOW_COVERING_START_LEVEL_CHANGE,Basic Window Covering Start Level Change
0x50,0x02,BASIC_WINDOW_COVERING_STOP_LEVEL_CHANGE,Basic Window Covering Stop Level Change
0x51,0x01,MOVE_TO_POSITION_SET,Move To Position Set
0x51,0x02,MOVE_TO_POSITION_GET,Move To Position Get
0x51,0x03,MOVE_TO_POSITION_REPORT,Move To Position Report
0x52,0x01,NODE_LIST_GET,Node List Get
0x52,0x02,NODE_LIST_REPORT,Node List Report
0x52,0x03,NODE_INFO_CACHED_GET,Node Info Cached Get
0x52,0x04,NODE_INFO_CACHED_REPORT,Node Info Cached Report
0x53,0x01,SCHEDULE_SUPPORTED_GET,Schedule Support Get
0x53,0x02,SCHEDULE_SUPPORTED_REPORT,Schedule Support Report
0x53,0x03,COMMAND_SCHEDULE_SET,Schedule Set
0x53,0x04,COMMAND_SCHEDULE_GET,Schedule Get
0x53,0x05,COMMAND_SCHEDULE_REPORT,Schedule Report
0x53,0x06,SCHEDULE_REMOVE,Schedule Remove
0x53,0x07,SCHEDULE_STATE_SET,Schedule State Set
0x53,0x08,SCHEDULE_STATE_GET,Schedule State Get
0x53,0x09,SCHEDULE_STATE_REPORT,Schedule State Report
0x54,0x01,CONTROLLER_CHANGE,Controller Change
0x54,0x02,CONTROLLER_CHANGE_STATUS,Controller Change Status
0x55,0xC0,COMMAND_FIRST_SEGMENT,First Segment
0x55,0xC8,COMMAND_SEGMENT_REQUEST,Segment Request
0x55,0xE0,COMMAND_SUBSEQUENT_SEGMENT,Subsequent Segment
0x55,0xE8,COMMAND_SEGMENT_COMPLETE,Segment Complete
0x55,0xF0,COMMAND_SEGMENT_WAIT,Segment Wait
0x56,0x01,CRC_16_ENCAP,CRC16 Encap
0x57,0x01,COMMAND_COMMAND_CLASS_NOT_SUPPORTED,Command Command Class Not Supported
0x58,0x01,ZIP_NODE_ADVERTISEMENT,Zip Node Advertisement
0x58,0x03,ZIP_NODE_SOLICITATION,Zip Node Solicitation
0x58,0x04,ZIP_INV_NODE_SOLICITATION,Zip Inverse Node Solicitation
0x59,0x01,ASSOCIATION_GROUP_NAME_GET,Association Group Name Get
0x59,0x02,ASSOCIATION_GROUP_NAME_REPORT,Association Group Name Report
0x59,0x03,ASSOCIATION_GROUP_INFO_GET,Association Group Info Get
0x59,0x04,ASSOCIATION_GROUP_INFO_REPORT,Association Group Info Report
0x59,0x05,ASSOCIATION_GROUP_COMMAND_LIST_GET,Association Group Command List Get
0x59,0x06,ASSOCIATION_GROUP_COMMAND_LIST_REPORT,Association Group Command List Report
0x5A,0x01,DEVICE_RESET_LOCALLY_NOTIFICATION,Device Reset Locally Notification
0x5B,0x01,CENTRAL_SCENE_SUPPORTED_GET,Central Scene Supported Get
0x5B,0x02,CENTRAL_SCENE_SUPPORTED_REPORT,Central Scene Supported Report
0x5B,0x03,CENTRAL_SCENE_NOTIFICATION,Central Scene Notification
0x5B,0x04,CENTRAL_SCENE_CONFIGURATION_SET,Central Scene Configuration Set
0x5B,0x05,CENTRAL_SCENE_CONFIGURATION_GET,Central Scene Configuration Get
0x5B,0x06,CENTRAL_SCENE_CONFIGURATION_REPORT,Central Scene Configuration Report
0x5C,0x01,IP_ASSOCIATION_SET,IP Association Set
0x5C,0x02,IP_ASSOCIATION_GET,IP Association Get
0x5C,0x03,IP_ASSOCIATION_REPORT,IP Association Report
0x5C,0x04,IP_ASSOCIATION_REMOVE,IP Association Remove
0x5D,0x01,ANTITHEFT_SET,Anti-theft Set
0x5D,0x02,ANTITHEFT_GET,Anti-theft Get
0x5D,0x03,ANTITHEFT_REPORT,Anti-theft Report
0x5E,0x01,ZWAVEPLUS_INFO_GET,Z-Wave+ Info Get
0x5E,0x02,ZWAVEPLUS_INFO_REPORT,Z-Wave+ Info Report
0x5F,0x01,GATEWAY_MODE_SET,Gateway Mode Set
0x5F,0x02,GATEWAY_MODE_GET,Gateway Mode Get
0x5F,0x03,GATEWAY_MODE_REPORT,Gateway Mode Report
0x5F,0x04,GATEWAY_PEER_SET,Gateway Peer Set
0x5F,0x05,GATEWAY_PEER_GET,Gateway Peer Get
0x5F,0x06,GATEWAY_PEER_REPORT,Gateway Peer Report
0x5F,0x07,GATEWAY_LOCK_SET,Gateway Lock Set
0x5F,0x08,UNSOLICITED_DESTINATION_SET,Unsolicited Destination Set 
0x5F,0x09,UNSOLICITED_DESTINATION_GET,Unsolicited Destination Get
0x5F,0x0A,UNSOLICITED_DESTINATION_REPORT,Unsolicited Destination Report
0x5F,0x0B,COMMAND_APPLICATION_NODE_INFO_SET,Application Node Info Set
0x5F,0x0C,COMMAND_APPLICATION_NODE_INFO_GET,Application Node Info Get
0x5F,0x0D,COMMAND_APPLICATION_NODE_INFO_REPORT,Application Node Info Report
0x60,0x04,MULTI_INSTANCE_GET,Multi Instance Get
0x60,0x05,MULTI_INSTANCE_REPORT,Multi Instance Report
0x60,0x06,MULTI_INSTANCE_CMD_ENCAP,Multi Instance Cmd Encap
0x60,0x07,MULTI_CHANNEL_END_POINT_GET,Multi Channel End Point Get
0x60,0x08,MULTI_CHANNEL_END_POINT_REPORT,Multi Channel End Point Report
0x60,0x09,MULTI_CHANNEL_CAPABILITY_GET,Multi Channel Capability Get
0x60,0x0A,MULTI_CHANNEL_CAPABILITY_REPORT,Multi Channel Capability Report
0x60,0x0B,MULTI_CHANNEL_END_POINT_FIND,Multi Channel End Point Find
0x60,0x0C,MULTI_CHANNEL_END_POINT_FIND_REPORT,Multi Channel End Point Find Report
0x60,0x0D,MULTI_CHANNEL_CMD_ENCAP,Multi Channel Cmd Encap
0x60,0x0E,MULTI_CHANNEL_AGGREGATED_MEMBERS_GET,Multi Channel Aggregated Members Get
0x60,0x0F,MULTI_CHANNEL_AGGREGATED_MEMBERS_REPORT,Multi Channel Aggregated Members Report
0x61,0x01,GATEWAY_CONFIGURATION_SET,Gateway Configuration Set
0x61,0x02,GATEWAY_CONFIGURATION_STATUS,Gateway Configuration Status
0x61,0x03,GATEWAY_CONFIGURATION_GET,Gateway Configuration Get
0x61,0x04,GATEWAY_CONFIGURATION_REPORT,Gateway Configuration Report
0x62,0x01,DOOR_LOCK_OPERATION_SET,Door Lock Operation Set
0x62,0x02,DOOR_LOCK_OPERATION_GET,Door Lock Operation Get
0x62,0x03,DOOR_LOCK_OPERATION_REPORT,Door Lock Operation Report
0x62,0x04,DOOR_LOCK_CONFIGURATION_SET,Door Lock Configuration Set
0x62,0x05,DOOR_LOCK_CONFIGURATION_GET,Door Lock Configuration Get
0x62,0x06,DOOR_LOCK_CONFIGURATION_REPORT,Door Lock Configuration Report
0x63,0x01,USER_CODE_SET,User Code Set
0x63,0x02,USER_CODE_GET,User Code Get
0x63,0x03,USER_CODE_REPORT,User Code Report
0x63,0x04,USERS_NUMBER_GET,Users Number Get
0x63,0x05,USERS_NUMBER_REPORT,Users Number Report
0x64,0x01,HUMIDITY_CONTROL_SETPOINT_SET,Humidity Control Setpoint Set
0x64,0x02,HUMIDITY_CONTROL_SETPOINT_GET,Humidity Control Setpoint Get
0x64,0x03,HUMIDITY_CONTROL_SETPOINT_REPORT,Humidity Control Setpoint Report
0x64,0x04,HUMIDITY_CONTROL_SETPOINT_SUPPORTED_GET,Humidity Control Setpoint Supported Get
0x64,0x05,HUMIDITY_CONTROL_SETPOINT_SUPPORTED_REPORT,Humidity Control Setpoint Supported Report
0x64,0x06,HUMIDITY_CONTROL_SETPOINT_SCALE_SUPPORTED_GET,Humidity Control Setpoint Scale Supported Get
0x64,0x07,HUMIDITY_CONTROL_SETPOINT_SCALE_SUPPORTED_REPORT,Humidity Control Setpoint Scale Supported Report
0x64,0x08,HUMIDITY_CONTROL_SETPOINT_CAPABILITIES_GET,Humidity Control Setpoint Capabilities Get
0x64,0x09,HUMIDITY_CONTROL_SETPOINT_CAPABILITIES_REPORT,Humidity Control Setpoint Capabilities Report
0x65,0x01,DMX_ADDRESS_SET,DMX Address Set
0x65,0x02,DMX_ADDRESS_GET,DMX Address Get
0x65,0x03,DMX_ADDRESS_REPORT,DMX Address Report
0x65,0x04,DMX_CAPABILITY_GET,DMX Capability Get
0x65,0x05,DMX_CAPABILITY_REPORT,DMX Capability Report
0x65,0x06,DMX_DATA,DMX Data
0x66,0x01,BARRIER_OPERATOR_SET,Barrier Operator Set
0x66,0x02,BARRIER_OPERATOR_GET,Barrier Operator Get
0x66,0x03,BARRIER_OPERATOR_REPORT,Barrier Operator Report
0x66,0x04,BARRIER_OPERATOR_SIGNAL_SUPPORTED_GET,Barrier Operator Signal Supported Get
0x66,0x05,BARRIER_OPERATOR_SIGNAL_SUPPORTED_REPORT,Barrier Operator Signal Supported Report
0x66,0x06,BARRIER_OPERATOR_SIGNAL_SET,Barrier Operator Signal Set
0x66,0x07,BARRIER_OPERATOR_SIGNAL_GET,Barrier Operator Signal Get
0x66,0x08,BARRIER_OPERATOR_SIGNAL_REPORT,Barrier Operator Signal Report
0x67,0x01,LAST_WORKING_ROUTE_SET,Last Working Route Set
0x67,0x02,LAST_WORKING_ROUTE_GET,Last Working Route Get
0x67,0x03,LAST_WORKING_ROUTE_REPORT,Last Working Route Report
0x67,0x04,STATISTICS_GET,Statistics Get
0x67,0x05,STATISTICS_REPORT,Statistics Report
0x67,0x06,STATISTICS_CLEAR,Statistics Clear
0x68,0x01,ZIP_NAMING_NAME_SET,Z/IP Name Set
0x68,0x02,ZIP_NAMING_NAME_GET,Z/IP Name Get
0x68,0x03,ZIP_NAMING_NAME_REPORT,Z/IP Name Report
0x68,0x04,ZIP_NAMING_LOCATION_SET,Z/IP Location Set
0x68,0x05,ZIP_NAMING_LOCATION_GET,Z/IP Location Get
0x68,0x06,ZIP_NAMING_LOCATION_REPORT,Z/IP Location Report
0x69,0x01,MAILBOX_CONFIGURATION_GET,Mailbox Configuration Get
0x69,0x02,MAILBOX_CONFIGURATION_SET,Mailbox Configuration Set
0x69,0x03,MAILBOX_CONFIGURATION_REPORT,Mailbox Configuration Report
0x69,0x04,MAILBOX_QUEUE,Mailbox Queue
0x69,0x05,MAILBOX_WAKEUP_NOTIFICATION,Mailbox Wakeup Notification
0x69,0x06,MAILBOX_NODE_FAILING,Mailbox Failing Node
0x6A,0x01,WINDOW_COVERING_SUPPORTED_GET,Window Covering Supported Get
0x6A,0x02,WINDOW_COVERING_SUPPORTED_REPORT,Window Covering Supported Report
0x6A,0x03,WINDOW_COVERING_GET,Window Covering Get
0x6A,0x04,WINDOW_COVERING_REPORT,Window Covering Report
0x6A,0x05,WINDOW_COVERING_SET,Window Covering Set
0x6A,0x06,WINDOW_COVERING_START_LEVEL_CHANGE,Window Covering Start Level Change
0x6A,0x07,WINDOW_COVERING_STOP_LEVEL_CHANGE,Window Covering Stop Level Change
0x6B,0x01,IRRIGATION_SYSTEM_INFO_GET,Irrigation System Info Get
0x6B,0x02,IRRIGATION_SYSTEM_INFO_REPORT,Irrigation System Info Report
0x6B,0x03,IRRIGATION_SYSTEM_STATUS_GET,Irrigation System Status Get
0x6B,0x04,IRRIGATION_SYSTEM_STATUS_REPORT,Irrigation System Status Report
0x6B,0x05,IRRIGATION_SYSTEM_CONFIG_SET,Irrigation System Config Set
0x6B,0x06,IRRIGATION_SYSTEM_CONFIG_GET,Irrigation System Config Get
0x6B,0x07,IRRIGATION_SYSTEM_CONFIG_REPORT,Irrigation System Config Report
0x6B,0x08,IRRIGATION_VALVE_INFO_GET,Irrigation Valve Info Get
0x6B,0x09,IRRIGATION_VALVE_INFO_REPORT,Irrigation Valve Info Report
0x6B,0x0A,IRRIGATION_VALVE_CONFIG_SET,Irrigation Valve Config Set
0x6B,0x0B,IRRIGATION_VALVE_CONFIG_GET,Irrigation Valve Config Get
0x6B,0x0C,IRRIGATION_VALVE_CONFIG_REPORT,Irrigation Valve Config Report
0x6B,0x0D,IRRIGATION_VALVE_RUN,Irrigation Valve Run
0x6B,0x0E,IRRIGATION_VALVE_TABLE_SET,Irrigation Valve Table Set
0x6B,0x0F,IRRIGATION_VALVE_TABLE_GET,Irrigation Valve Table Get
0x6B,0x10,IRRIGATION_VALVE_TABLE_REPORT,Irrigation Valve Table Report
0x6B,0x11,IRRIGATION_VALVE_TABLE_RUN,Irrigation Valve Table Run
0x6B,0x12,IRRIGATION_SYSTEM_SHUTOFF,Irrigation System Shutoff
0x6C,0x01,SUPERVISION_GET,Supervision Get
0x6C,0x02,SUPERVISION_REPORT,Supervision Report
0x6D,0x01,HUMIDITY_CONTROL_MODE_SET,Humidity Control Mode Set
0x6D,0x02,HUMIDITY_CONTROL_MODE_GET,Humidity Control Mode Get
0x6D,0x03,HUMIDITY_CONTROL_MODE_REPORT,Humidity Control Mode Report
0x6D,0x04,HUMIDITY_CONTROL_MODE_SUPPORTED_GET,Humidity Control Mode Supported Get
0x6D,0x05,HUMIDITY_CONTROL_MODE_SUPPORTED_REPORT,Humidity Control Mode Supported Report
0x6E,0x01,HUMIDITY_CONTROL_OPERATING_STATE_GET,Humidity Control Operating State Get
0x6E,0x02,HUMIDITY_CONTROL_OPERATING_STATE_REPORT,Humidity Control Operating State Report
0x6F,0x01,ENTRY_CONTROL_NOTIFICATION,Entry Control Notification
0x6F,0x02,ENTRY_CONTROL_KEY_SUPPORTED_GET,Entry Control Key Supported Get
0x6F,0x03,ENTRY_CONTROL_KEY_SUPPORTED_REPORT,Entry Control Key Supported Report
0x6F,0x04,ENTRY_CONTROL_EVENT_SUPPORTED_GET,Entry Control Event Supported Get
0x6F,0x05,ENTRY_CONTROL_EVENT_SUPPORTED_REPORT,Entry Control Event Supported Report
0x6F,0x06,ENTRY_CONTROL_CONFIGURATION_SET,Entry Control Configuration Set
0x6F,0x07,ENTRY_CONTROL_CONFIGURATION_GET,Entry Control Configuration Get
0x6F,0x08,ENTRY_CONTROL_CONFIGURATION_REPORT,Entry Control Configuration Report
0x70,0x04,CONFIGURATION_SET,Configuration Set
0x70,0x05,CONFIGURATION_GET,Configuration Get
0x70,0x06,CONFIGURATION_REPORT,Configuration Report
0x70,0x07,CONFIGURATION_BULK_SET,Configuration Bulk Set
0x70,0x08,CONFIGURATION_BULK_GET,Configuration Bulk Get
0x70,0x09,CONFIGURATION_BULK_REPORT,Configuration Bulk Report
0x70,0x0A,CONFIGURATION_NAME_GET,Configuration Name Get
0x70,0x0B,CONFIGURATION_NAME_REPORT,Configuration Name Report
0x70,0x0C,CONFIGURATION_INFO_GET,Configuration Info Get
0x70,0x0D,CONFIGURATION_INFO_REPORT,Configuration Info Report
0x70,0x0E,CONFIGURATION_PROPERTIES_GET,Configuration Properties Get
0x70,0x0F,CONFIGURATION_PROPERTIES_REPORT,Configuration Properties Report
0x71,0x01,EVENT_SUPPORTED_GET,Event Supported Get
0x71,0x02,EVENT_SUPPORTED_REPORT,Event Supported Report
0x71,0x04,NOTIFICATION_GET,Notification Get
0x71,0x05,NOTIFICATION_REPORT,Notification Report
0x71,0x06,NOTIFICATION_SET,Notification Set
0x71,0x07,NOTIFICATION_SUPPORTED_GET,Notification Supported Get
0x71,0x08,NOTIFICATION_SUPPORTED_REPORT,Notification Supported Report
0x72,0x04,MANUFACTURER_SPECIFIC_GET,Manufacturer Specific Get
0x72,0x05,MANUFACTURER_SPECIFIC_REPORT,Manufacturer Specific Report
0x72,0x06,DEVICE_SPECIFIC_GET,Device Specific Get
0x72,0x07,DEVICE_SPECIFIC_REPORT,Device Specific Report
0x73,0x01,POWERLEVEL_SET,Powerlevel Set
0x73,0x02,POWERLEVEL_GET,Powerlevel Get
0x73,0x03,POWERLEVEL_REPORT,Powerlevel Report
0x73,0x04,POWERLEVEL_TEST_NODE_SET,Powerlevel Test Node Set
0x73,0x05,POWERLEVEL_TEST_NODE_GET,Powerlevel Test Node Get
0x73,0x06,POWERLEVEL_TEST_NODE_REPORT,Powerlevel Test Node Report
0x74,0x01,INITIATE,Initiate
0x74,0x02,COMPLETE,Complete
0x75,0x01,PROTECTION_SET,Protection Set
0x75,0x02,PROTECTION_GET,Protection Get
0x75,0x03,PROTECTION_REPORT,Protection Report
0x75,0x04,PROTECTION_SUPPORTED_GET,Protection Supported Get
0x75,0x05,PROTECTION_SUPPORTED_REPORT,Protection Supported Report
0x75,0x06,PROTECTION_EC_SET,Protection Ec Set
0x75,0x07,PROTECTION_EC_GET,Protection Ec Get
0x75,0x08,PROTECTION_EC_REPORT,Protection Ec Report
0x75,0x09,PROTECTION_TIMEOUT_SET,Protection Timeout Set
0x75,0x0A,PROTECTION_TIMEOUT_GET,Protection Timeout Get
0x75,0x0B,PROTECTION_TIMEOUT_REPORT,Protection Timeout Report
0x76,0x01,LOCK_SET,Lock Set
0x76,0x02,LOCK_GET,Lock Get
0x76,0x03,LOCK_REPORT,Lock Report
0x77,0x01,NODE_NAMING_NODE_NAME_SET,Node Naming Node Name Set
0x77,0x02,NODE_NAMING_NODE_NAME_GET,Node Naming Node Name Get
0x77,0x03,NODE_NAMING_NODE_NAME_REPORT,Node Naming Node Name Report
0x77,0x04,NODE_NAMING_NODE_LOCATION_SET,Node Naming Node Location  Set
0x77,0x05,NODE_NAMING_NODE_LOCATION_GET,Node Naming Node Location Get
0x77,0x06,NODE_NAMING_NODE_LOCATION_REPORT,Node Naming Node Location  Report
0x7A,0x01,FIRMWARE_MD_GET,Firmware Md Get
0x7A,0x02,FIRMWARE_MD_REPORT,Firmware Md Report
0x7A,0x03,FIRMWARE_UPDATE_MD_REQUEST_GET,Firmware Update Md Request Get
0x7A,0x04,FIRMWARE_UPDATE_MD_REQUEST_REPORT,Firmware Update Md Request Report
0x7A,0x05,FIRMWARE_UPDATE_MD_GET,Firmware Update Md Get
0x7A,0x06,FIRMWARE_UPDATE_MD_REPORT,Firmware Update Md Report
0x7A,0x07,FIRMWARE_UPDATE_MD_STATUS_REPORT,Firmware Update Md Status Report
0x7A,0x08,FIRMWARE_UPDATE_ACTIVATION_SET,Firmware Update Activation Set Command
0x7A,0x09,FIRMWARE_UPDATE_ACTIVATION_STATUS_REPORT,Firmware Update Activation Status Report
0x7B,0x01,GROUPING_NAME_SET,Grouping Name Set
0x7B,0x02,GROUPING_NAME_GET,Grouping Name Get
0x7B,0x03,GROUPING_NAME_REPORT,Grouping Name Report
0x7C,0x01,REMOTE_ASSOCIATION_ACTIVATE,Remote Association Activate
0x7D,0x01,REMOTE_ASSOCIATION_CONFIGURATION_SET,Remote Association Configuration Set
0x7D,0x02,REMOTE_ASSOCIATION_CONFIGURATION_GET,Remote Association Configuration Get
0x7D,0x03,REMOTE_ASSOCIATION_CONFIGURATION_REPORT,Remote Association Configuration Report
0x80,0x02,BATTERY_GET,Battery Get
0x80,0x03,BATTERY_REPORT,Battery Report
0x81,0x04,CLOCK_SET,Clock Set
0x81,0x05,CLOCK_GET,Clock Get
0x81,0x06,CLOCK_REPORT,Clock Report
0x82,0x01,HAIL,Hail
0x84,0x04,WAKE_UP_INTERVAL_SET,Wake Up Interval Set
0x84,0x05,WAKE_UP_INTERVAL_GET,Wake Up Interval Get
0x84,0x06,WAKE_UP_INTERVAL_REPORT,Wake Up Interval Report
0x84,0x07,WAKE_UP_NOTIFICATION,Wake Up Notification
0x84,0x08,WAKE_UP_NO_MORE_INFORMATION,Wake Up No More Information
0x84,0x09,WAKE_UP_INTERVAL_CAPABILITIES_GET,Wake Up Interval Capabilities Get
0x84,0x0A,WAKE_UP_INTERVAL_CAPABILITIES_REPORT,Wake Up Interval Capabilities Report
0x85,0x01,ASSOCIATION_SET,Association Set
0x85,0x02,ASSOCIATION_GET,Association Get
0x85,0x03,ASSOCIATION_REPORT,Association Report
0x85,0x04,ASSOCIATION_REMOVE,Association Remove
0x85,0x05,ASSOCIATION_GROUPINGS_GET,Association Groupings Get
0x85,0x06,ASSOCIATION_GROUPINGS_REPORT,Association Groupings Report
0x85,0x0B,ASSOCIATION_SPECIFIC_GROUP_GET,Association Specific Group Get
0x85,0x0C,ASSOCIATION_SPECIFIC_GROUP_REPORT,Association Specific Group Report
0x86,0x11,VERSION_GET,Version Get
0x86,0x12,VERSION_REPORT,Version Report
0x86,0x13,VERSION_COMMAND_CLASS_GET,Version Command Class Get
0x86,0x14,VERSION_COMMAND_CLASS_REPORT,Version Command Class Report
0x87,0x01,INDICATOR_SET,Indicator Set
0x87,0x02,INDICATOR_GET,Indicator Get
0x87,0x03,INDICATOR_REPORT,Indicator Report
0x87,0x04,INDICATOR_SUPPORTED_GET,Indicator Supported Get
0x87,0x05,INDICATOR_SUPPORTED_REPORT,Indicator Supported Report
0x88,0x01,PROPRIETARY_SET,Proprietary Set
0x88,0x02,PROPRIETARY_GET,Proprietary Get
0x88,0x03,PROPRIETARY_REPORT,Proprietary Report
0x89,0x01,LANGUAGE_SET,Language Set
0x89,0x02,LANGUAGE_GET,Language Get
0x89,0x03,LANGUAGE_REPORT,Language Report
0x8A,0x01,TIME_GET,Time Get
0x8A,0x02,TIME_REPORT,Time Report
0x8A,0x03,DATE_GET,Date Get
0x8A,0x04,DATE_REPORT,Date Report
0x8A,0x05,TIME_OFFSET_SET,Time Offset Set
0x8A,0x06,TIME_OFFSET_GET,Time Offset Get
0x8A,0x07,TIME_OFFSET_REPORT,Time Offset Report
0x8B,0x01,TIME_PARAMETERS_SET,Time Parameters Set
0x8B,0x02,TIME_PARAMETERS_GET,Time Parameters Get
0x8B,0x03,TIME_PARAMETERS_REPORT,Time Parameters Report
0x8C,0x01,GEOGRAPHIC_LOCATION_SET,Geographic Location Set
0x8C,0x02,GEOGRAPHIC_LOCATION_GET,Geographic Location Get
0x8C,0x03,GEOGRAPHIC_LOCATION_REPORT,Geographic Location Report
0x8E,0x01,MULTI_CHANNEL_ASSOCIATION_SET,Multi Channel Association Set
0x8E,0x02,MULTI_CHANNEL_ASSOCIATION_GET,Multi Channel Association Get
0x8E,0x03,MULTI_CHANNEL_ASSOCIATION_REPORT,Multi Channel Association Report
0x8E,0x04,MULTI_CHANNEL_ASSOCIATION_REMOVE,Multi Channel Association Remove
0x8E,0x05,MULTI_CHANNEL_ASSOCIATION_GROUPINGS_GET,Multi Channel Association Groupings Get
0x8E,0x06,MULTI_CHANNEL_ASSOCIATION_GROUPINGS_REPORT,Multi Channel Association Groupings Report
0x8F,0x01,MULTI_CMD_ENCAP,Multi Cmd Encap
0x90,0x02,ENERGY_PRODUCTION_GET,Energy Production Get
0x90,0x03,ENERGY_PRODUCTION_REPORT,Energy Production Report
0x91,,,
0x92,0x01,SCREEN_MD_GET,Screen Md Get
0x92,0x03,SCREEN_MD_REPORT,Screen Md Report
0x93,0x01,SCREEN_ATTRIBUTES_GET,Screen Attributes Get
0x93,0x03,SCREEN_ATTRIBUTES_REPORT,Screen Attributes Report
0x94,0x01,SIMPLE_AV_CONTROL_SET,Simple Av Control Set
0x94,0x02,SIMPLE_AV_CONTROL_GET,Simple Av Control Get
0x94,0x03,SIMPLE_AV_CONTROL_REPORT,Simple Av Control Report
0x94,0x04,SIMPLE_AV_CONTROL_SUPPORTED_GET,Simple Av Control Supported Get
0x94,0x05,SIMPLE_AV_CONTROL_SUPPORTED_REPORT,Simple Av Control Supported Report
0x95,0x01,AV_CONTENT_BROWSE_MD_GET,Av Content Browse Md Get
0x95,0x02,AV_CONTENT_BROWSE_MD_REPORT,Av Content Browse Md Report
0x95,0x03,AV_CONTENT_BROWSE_MD_BY_LETTER_GET,Av Content Browse Md By Letter Get
0x95,0x04,AV_CONTENT_BROWSE_MD_BY_LETTER_REPORT,Av Content Browse Md By Letter Report
0x95,0x05,AV_CONTENT_BROWSE_MD_CHILD_COUNT_GET,Av Content Browse Md Child Count Get
0x95,0x06,AV_CONTENT_BROWSE_MD_CHILD_COUNT_REPORT,Av Content Browse Md Child Count Report
0x95,0x07,AV_MATCH_ITEM_TO_RENDERER_MD_GET,Av Match Item To Renderer Md Get
0x95,0x08,AV_MATCH_ITEM_TO_RENDERER_MD_REPORT,Av Match Item To Renderer Md Report
0x96,0x01,AV_RENDERER_STATUS_GET,Av Renderer Status Get
0x96,0x02,AV_RENDERER_STATUS_REPORT,Av Renderer Status Report
0x97,0x01,AV_CONTENT_SEARCH_MD_GET,Av Content Search Md Get
0x97,0x02,AV_CONTENT_SEARCH_MD_REPORT,Av Content Search Md Report
0x98,0x02,SECURITY_COMMANDS_SUPPORTED_GET,Security Commands Supported Get
0x98,0x03,SECURITY_COMMANDS_SUPPORTED_REPORT,Security Commands Supported Report
0x98,0x04,SECURITY_SCHEME_GET,Security Scheme Get
0x98,0x05,SECURITY_SCHEME_REPORT,Security Scheme Report
0x98,0x06,NETWORK_KEY_SET,Network Key Set
0x98,0x07,NETWORK_KEY_VERIFY,Network Key Verify
0x98,0x08,SECURITY_SCHEME_INHERIT,Security Scheme Inherit
0x98,0x40,SECURITY_NONCE_GET,Security Nonce Get
0x98,0x80,SECURITY_NONCE_REPORT,Security Nonce Report
0x98,0x81,SECURITY_MESSAGE_ENCAPSULATION,Security Message Encapsulation
0x98,0xC1,SECURITY_MESSAGE_ENCAPSULATION_NONCE_GET,Security Message Encapsulation Nonce Get
0x99,0x01,AV_TAGGING_MD_GET,Av Tagging Md Get
0x99,0x02,AV_TAGGING_MD_REPORT,Av Tagging Md Report
0x9A,0x01,IP_CONFIGURATION_SET,Ip Configuration Set
0x9A,0x02,IP_CONFIGURATION_GET,Ip Configuration Get
0x9A,0x03,IP_CONFIGURATION_REPORT,Ip Configuration Report
0x9A,0x04,IP_CONFIGURATION_RELEASE,Ip Configuration Release
0x9A,0x05,IP_CONFIGURATION_RENEW,Ip Configuration Renew
0x9B,0x01,COMMAND_RECORDS_SUPPORTED_GET,Command Records Supported Get
0x9B,0x02,COMMAND_RECORDS_SUPPORTED_REPORT,Command Records Supported Report
0x9B,0x03,COMMAND_CONFIGURATION_SET,Command Configuration Set
0x9B,0x04,COMMAND_CONFIGURATION_GET,Command Configuration Get
0x9B,0x05,COMMAND_CONFIGURATION_REPORT,Command Configuration Report
0x9C,0x01,SENSOR_ALARM_GET,Sensor Alarm Get
0x9C,0x02,SENSOR_ALARM_REPORT,Sensor Alarm Report
0x9C,0x03,SENSOR_ALARM_SUPPORTED_GET,Sensor Alarm Supported Get
0x9C,0x04,SENSOR_ALARM_SUPPORTED_REPORT,Sensor Alarm Supported Report
0x9D,0x01,SENSOR_ALARM_SET,Sensor Alarm Set
0x9E,0x01,SENSOR_TRIGGER_LEVEL_SET,Sensor Trigger Level Set
0x9E,0x02,SENSOR_TRIGGER_LEVEL_GET,Sensor Trigger Level Get
0x9E,0x03,SENSOR_TRIGGER_LEVEL_REPORT,Sensor Trigger Level Report
0x9F,0x01,SECURITY_2_NONCE_GET,S2 Nonce Get
0x9F,0x02,SECURITY_2_NONCE_REPORT,S2 Nonce Report
0x9F,0x03,SECURITY_2_MESSAGE_ENCAPSULATION,S2 Message Encapsulation
0x9F,0x04,KEX_GET,KEX Get
0x9F,0x05,KEX_REPORT,KEX Report
0x9F,0x06,KEX_SET,KEX Set
0x9F,0x07,KEX_FAIL,KEX Fail
0x9F,0x08,PUBLIC_KEY_REPORT,Public Key Report
0x9F,0x09,SECURITY_2_NETWORK_KEY_GET,S2 Network Key Get
0x9F,0x0A,SECURITY_2_NETWORK_KEY_REPORT,S2 Network Key Report
0x9F,0x0B,SECURITY_2_NETWORK_KEY_VERIFY,S2 Network Key Verify
0x9F,0x0C,SECURITY_2_TRANSFER_END,S2 Transfer End
0x9F,0x0D,SECURITY_2_COMMANDS_SUPPORTED_GET,S2 Commands Supported Get
0x9F,0x0E,SECURITY_2_COMMANDS_SUPPORTED_REPORT,S2 Commands Supported Report
0x9F,0x0F,SECURITY_2_CAPABILITIES_GET,S2 Capabilities Get
0x9F,0x10,SECURITY_2_CAPABILITIES_REPORT,S2 Capabilities Report
0xEF,,,
0xF0,,,